{"name":"87695f36-c1fa-491e-b915-af686d84a22f","id":"/providers/Microsoft.Flow/flows/87695f36-c1fa-491e-b915-af686d84a22f","type":"Microsoft.Flow/flows","properties":{"apiId":"/providers/Microsoft.PowerApps/apis/shared_logicflows","displayName":"Dynamic site URL and list","definition":{"metadata":{"workflowEntityId":null,"flowclientsuspensionreason":"None","flowclientsuspensiontime":null,"creator":{"id":"06424fcb-4d17-4255-9f59-898094d12ad2","type":"User","tenantId":"1e744f75-4fdf-44a4-9bf4-2a9caa219160"},"provisioningMethod":"FromDefinition","failureAlertSubscription":true,"clientLastModifiedTime":"2020-11-20T11:43:13.4588036Z"},"$schema":"https://schema.management.azure.com/providers/Microsoft.Logic/schemas/2016-06-01/workflowdefinition.json#","contentVersion":"1.0.0.0","parameters":{"$connections":{"defaultValue":{},"type":"Object"},"$authentication":{"defaultValue":{},"type":"SecureObject"}},"triggers":{"manual":{"type":"Request","kind":"Button","inputs":{"schema":{"type":"object","properties":{"text":{"title":"Site URL","type":"string","x-ms-dynamically-added":true,"description":"Enter your SharePoint site URL","x-ms-content-hint":"TEXT"}},"required":["text"]}}}},"actions":{"Get_lists":{"runAfter":{},"type":"OpenApiConnection","inputs":{"host":{"apiId":"/providers/Microsoft.PowerApps/apis/shared_sharepointonline","connectionName":"shared_sharepointonline","operationId":"GetTables"},"parameters":{"dataset":"@triggerBody()['text']"},"authentication":{"value":"@json(decodeBase64(triggerOutputs().headers['X-MS-APIM-Tokens']))['$ConnectionKey']","type":"Raw"}}},"Filter_array":{"runAfter":{"Get_lists":["Succeeded"]},"type":"Query","inputs":{"from":"@outputs('Get_lists')?['body/value']","where":"@equals(item()?['DisplayName'], 'Content scheduler')"}},"Create_item":{"runAfter":{"Filter_array":["Succeeded"]},"type":"OpenApiConnection","inputs":{"host":{"apiId":"/providers/Microsoft.PowerApps/apis/shared_sharepointonline","connectionName":"shared_sharepointonline","operationId":"PostItem"},"parameters":{"dataset":"@triggerBody()['text']","table":"@first(body('Filter_array'))['Name']","item":{"Title":"This will be my title","Description":"This will be my description","Status":{"Value":"Planned"},"DraftDueBy":"@{utcNow()}","PublishBy":"@{addDays(utcNow(), 10)}","ContentTypes":[{"Value":"Blog post"}]}},"authentication":{"value":"@json(decodeBase64(triggerOutputs().headers['X-MS-APIM-Tokens']))['$ConnectionKey']","type":"Raw"}}}}},"connectionReferences":{"shared_sharepointonline":{"connectionName":"shared-sharepointonl-d3eff2ed-eb6f-4445-a6f8-f011f97fb1d9","source":"Invoker","id":"/providers/Microsoft.PowerApps/apis/shared_sharepointonline","tier":"NotSpecified"}},"flowFailureAlertSubscribed":false}}